customer_id,first_name,last_name,email,created_at
1,First1,Last1,user1@example.com,2025-07-23T15:25:22.185023
2,First2,Last2,user2@example.com,2025-12-27T15:25:22.185045
3,First3,Last3,user3@example.com,2025-08-14T15:25:22.185052
4,First4,Last4,user4@example.com,2025-10-18T15:25:22.185057
5,First5,Last5,user5@example.com,2025-07-07T15:25:22.185061
6,First6,Last6,user6@example.com,2025-11-07T15:25:22.185064
7,First7,Last7,user7@example.com,2025-06-29T15:25:22.185068
8,First8,Last8,user8@example.com,2026-01-05T15:25:22.185074
9,First9,Last9,user9@example.com,2025-11-29T15:25:22.185080
10,First10,Last10,user10@example.com,2026-05-02T15:25:22.185086
11,First11,Last11,user11@example.com,2026-05-06T15:25:22.185091
12,First12,Last12,user12@example.com,2025-07-07T15:25:22.185097
13,First13,Last13,user13@example.com,2025-06-08T15:25:22.185102
14,First14,Last14,user14@example.com,2025-10-29T15:25:22.185107
15,First15,Last15,user15@example.com,2025-12-07T15:25:22.185112
16,First16,Last16,user16@example.com,2025-12-23T15:25:22.185121
17,First17,Last17,user17@example.com,2025-08-19T15:25:22.185127
18,First18,Last18,user18@example.com,2025-06-04T15:25:22.185132
19,First19,Last19,user19@example.com,2025-10-24T15:25:22.185137
20,First20,Last20,user20@example.com,2026-04-19T15:25:22.185142
21,First21,Last21,user21@example.com,2026-02-14T15:25:22.185147
22,First22,Last22,user22@example.com,2025-12-19T15:25:22.185152
23,First23,Last23,user23@example.com,2025-07-13T15:25:22.185157
24,First24,Last24,user24@example.com,2025-08-04T15:25:22.185162
25,First25,Last25,user25@example.com,2025-12-31T15:25:22.185168
26,First26,Last26,user26@example.com,2025-10-21T15:25:22.185173
27,First27,Last27,user27@example.com,2026-03-27T15:25:22.185191
28,First28,Last28,user28@example.com,2025-07-26T15:25:22.185201
29,First29,Last29,user29@example.com,2025-06-01T15:25:22.185207
30,First30,Last30,user30@example.com,2026-04-20T15:25:22.185212
31,First31,Last31,user31@example.com,2025-08-03T15:25:22.185217
32,First32,Last32,user32@example.com,2025-11-05T15:25:22.185222
33,First33,Last33,user33@example.com,2025-11-07T15:25:22.185227
34,,Last34,user34@example.com,2026-03-09T15:25:22.185232
35,First35,Last35,user35@example.com,2026-05-01T15:25:22.185238
36,First36,Last36,user36@example.com,2026-03-25T15:25:22.185243
37,,Last37,user37@example.com,2026-03-13T15:25:22.185248
38,,Last38,user38@example.com,2026-04-15T15:25:22.185253
39,First39,Last39,user39@example.com,2026-02-27T15:25:22.185258
40,First40,Last40,user40@example.com,2025-09-02T15:25:22.185264
41,First41,Last41,user41@example.com,2025-10-08T15:25:22.185270
42,First42,Last42,user42@example.com,2025-06-19T15:25:22.185276
43,First43,Last43,user43@example.com,2025-11-18T15:25:22.185282
44,First44,Last44,user44@example.com,2026-03-12T15:25:22.185285
45,First45,Last45,user45@example.com,2025-09-11T15:25:22.185288
46,First46,Last46,user46@example.com,2025-12-26T15:25:22.185291
47,First47,Last47,user47@example.com,2025-11-01T15:25:22.185295
48,First48,Last48,user48@example.com,2025-12-09T15:25:22.185298
49,First49,Last49,user49example.com,2026-01-06T15:25:22.185301
50,First50,Last50,user50@example.com,2026-03-09T15:25:22.185304
51,First51,Last51,user51@example.com,2025-07-01T15:25:22.185307
52,First52,Last52,user52@example.com,2026-01-28T15:25:22.185314
53,First53,Last53,user53@example.com,2025-12-05T15:25:22.185318
54,First54,Last54,user54@example.com,2026-04-30T15:25:22.185321
55,First55,Last55,user55@example.com,2026-04-04T15:25:22.185324
56,First56,Last56,user56@example.com,2025-12-03T15:25:22.185327
57,First57,Last57,user57@example.com,2026-05-19T15:25:22.185330
58,First58,Last58,user58@example.com,2026-02-17T15:25:22.185334
59,First59,Last59,user59@example.com,2026-02-11T15:25:22.185337
60,First60,Last60,user60@example.com,2025-09-04T15:25:22.185340
61,First61,Last61,user61@example.com,2025-11-25T15:25:22.185343
62,First62,Last62,user62@example.com,2025-06-14T15:25:22.185346
63,First63,Last63,user63@example.com,2025-08-04T15:25:22.185349
64,First64,Last64,user64@example.com,2026-03-15T15:25:22.185353
65,First65,Last65,user65@example.com,2026-04-02T15:25:22.185356
66,First66,Last66,user66@example.com,2026-04-08T15:25:22.185359
67,First67,Last67,user67@example.com,2026-04-25T15:25:22.185362
68,First68,Last68,user68@example.com,2025-10-21T15:25:22.185365
69,First69,Last69,user69@example.com,2025-06-21T15:25:22.185368
70,First70,Last70,user70@example.com,2026-05-23T15:25:22.185371
71,First71,Last71,user71@example.com,2025-10-08T15:25:22.185374
72,First72,Last72,user72@example.com,2026-02-03T15:25:22.185377
73,First73,Last73,user73@example.com,2025-06-18T15:25:22.185381
74,First74,Last74,user74@example.com,2025-12-26T15:25:22.185384
75,First75,Last75,user75@example.com,2026-01-27T15:25:22.185387
76,First76,Last76,user76@example.com,2026-03-10T15:25:22.185390
77,First77,Last77,user77@example.com,2025-08-29T15:25:22.185393
78,First78,Last78,user78@example.com,2026-05-12T15:25:22.185397
79,First79,Last79,user79@example.com,2026-01-15T15:25:22.185400
80,First80,Last80,user80@example.com,2026-04-19T15:25:22.185403
81,First81,Last81,user81@example.com,2025-10-15T15:25:22.185406
82,First82,Last82,user82@example.com,2025-08-26T15:25:22.185409
83,First83,Last83,user83@example.com,2026-01-25T15:25:22.185412
84,First84,Last84,user84@example.com,2025-10-16T15:25:22.185416
85,First85,Last85,user85@example.com,2026-02-27T15:25:22.185419
86,First86,Last86,user86@example.com,2025-12-01T15:25:22.185422
87,First87,Last87,user87@example.com,2026-04-26T15:25:22.185425
88,First88,Last88,user88@example.com,2026-02-12T15:25:22.185428
89,First89,Last89,user89@example.com,2026-05-07T15:25:22.185433
90,First90,Last90,user90@example.com,2026-04-15T15:25:22.185437
91,First91,Last91,user91@example.com,2025-07-28T15:25:22.185440
92,First92,Last92,user92@example.com,2026-05-29T15:25:22.185443
93,First93,Last93,user93@example.com,2025-06-25T15:25:22.185447
94,First94,Last94,user94@example.com,2025-08-23T15:25:22.185450
95,First95,Last95,user95@example.com,2026-02-22T15:25:22.185453
96,First96,Last96,user96example.com,2026-04-28T15:25:22.185456
97,First97,Last97,user97@example.com,2025-06-21T15:25:22.185460
98,,Last98,user98@example.com,2025-10-06T15:25:22.185463
99,First99,Last99,user99@example.com,2025-10-23T15:25:22.185466
100,First100,Last100,user100@example.com,2026-03-10T15:25:22.185469
